keyword,search_volume_estimate,difficulty,intent,priority
cookie manager chrome,5000,medium,commercial,high
edit cookies in chrome,1200,low,informational,high
cookie manager extension,800,medium,commercial,high
editthiscookie alternative,600,high,commercial,high
how to view cookies chrome,450,low,informational,medium
chrome cookie editor,400,medium,commercial,medium
manage browser cookies,350,low,informational,medium
cookie manager chrome extension,300,medium,commercial,medium
export cookies chrome,280,low,informational,medium
delete cookies chrome extension,250,low,informational,low
view cookies in chrome,220,low,informational,low
cookie manager for chrome,200,medium,commercial,medium
edit chrome cookies,180,low,informational,medium
best cookie manager chrome,150,high,commercial,medium
chrome cookie management,140,low,informational,low
online cookie manager,130,medium,commercial,low
cookie manager plugin,120,low,commercial,low
chrome cookie viewer,110,low,informational,low
cookie manager free,100,medium,commercial,low
web cookie manager,90,low,informational,low
browser cookie manager,80,low,informational,low
cookie manager download,70,low,commercial,low
cookie manager online,60,low,commercial,low
chrome cookie manager extension,50,medium,commercial,low
cookie manager firefox alternative,40,low,informational,low
cookie manager safari alternative,30,low,informational,low
cookie manager edge alternative,25,low,informational,low
cookie manager opera alternative,20,low,informational,low
editthiscookie replacement,600,high,commercial,high
chrome cookie editor extension,400,medium,commercial,medium
view http cookies chrome,350,low,informational,medium
edit session cookies chrome,300,low,informational,medium
chrome devtools cookies alternative,280,low,informational,medium
cookie manager with export,250,low,informational,medium
cookie manager with search,220,low,informational,medium
cookie manager with filter,200,low,informational,medium
cookie manager with backup,180,low,informational,medium
cookie manager with import,150,low,informational,medium
cookie manager with restore,140,low,informational,medium
chrome cookie manager pro,130,medium,commercial,low
cookie manager plus,120,medium,commercial,low
cookie manager advanced,110,medium,commercial,low
cookie manager professional,100,medium,commercial,low
cookie manager developer,90,low,informational,low
cookie manager for developers,80,low,informational,low
cookie manager for testing,70,low,informational,low
cookie manager for debugging,60,low,informational,low
cookie manager for web development,50,low,informational,low
cookie manager for qa testing,40,low,informational,low
cookie manager for automation,30,low,informational,low
cookie manager for selenium,25,low,informational,low
cookie manager for puppeteer,20,low,informational,low